target,prediction,probability,url_length,url_count,sender_domain
1,0,0.4244333408195609,71.8486162028084,8,gmail.com
0,0,0.3205812377168792,18.690612783207573,1,unknown.io
0,0,0.36665249432098745,31.034851623161245,0,gmail.com
0,0,0.3919253867919623,25.679208740540563,1,unknown.io
0,0,0.44164303830676277,25.69675603949464,0,yahoo.com
0,1,0.6912698095412814,21.83335039234882,1,unknown.io
0,0,0.45531710159565086,21.915723334482113,0,unknown.io
0,0,0.36878893992923617,,0,corporate.com
0,0,0.26821523398728836,29.92327899068805,0,unknown.io
0,0,0.4458239125081533,28.919117028733293,1,gmail.com
0,0,0.3294502562451295,28.964808027227374,1,yahoo.com
0,0,0.3032339134696108,27.845147686298795,2,corporate.com
0,1,0.6019358646589408,25.657613650390783,2,unknown.io
0,0,0.3621736621861776,24.123101578395097,1,corporate.com
1,0,0.2885137479512473,74.43920362067449,8,gmail.com
0,1,0.6367058090863924,23.131395647547834,1,unknown.io
0,0,0.3066394431103804,26.849896069403734,3,corporate.com
1,0,0.4890150454002238,54.21100310226654,5,yahoo.com
1,0,0.47573308315209983,56.447732354447126,10,corporate.com
1,1,0.7226586791750557,70.69947264930948,3,gmail.com
1,0,0.2789006666845577,70.98522119475787,8,gmail.com
0,0,0.49196611512077254,28.989259127391502,2,gmail.com
0,0,0.1714316042803778,18.259828742274852,1,gmail.com
1,0,0.45736001529501263,69.21820856476302,5,gmail.com
1,1,0.5715330144110178,76.63649198215079,13,corporate.com
1,1,0.7841530017765034,58.42841982477699,10,unknown.io
1,0,0.36774036312864333,52.29767454338919,7,unknown.io
0,0,0.2366617155830341,26.278497690240712,1,gmail.com
0,1,0.5339272652116953,27.14363996647034,2,unknown.io
1,1,0.7120266098722607,69.44214745671715,5,unknown.io
1,1,0.5269472299932465,59.12366534220208,5,unknown.io
1,0,0.4999026076196131,32.37651575273159,5,yahoo.com
1,0,0.21385161668611705,,8,unknown.io
0,0,0.3082946695871071,26.258269344932767,1,gmail.com
0,0,0.377335550104781,,0,unknown.io
1,1,0.5736891292890635,67.90995119221007,3,gmail.com
0,1,0.5489111143272913,22.56589063740851,1,yahoo.com
0,1,0.6127542886282246,21.655517541353927,1,corporate.com
0,0,0.2771262321302924,23.339011419290333,0,unknown.io
0,0,0.4638060823633351,32.131171290398825,2,unknown.io
0,0,0.4514930306519723,27.863626596649112,1,gmail.com
1,1,0.5839413620085895,63.74588230580395,6,corporate.com
0,1,0.615547475251998,21.997765172056628,2,unknown.io
0,1,0.6025279824388855,26.86383612138201,0,unknown.io
1,1,0.5935250179343197,67.39881264289548,9,unknown.io
0,1,0.5525099069139732,21.373299795926215,0,unknown.io
1,1,0.531334553897086,31.889167459031697,3,gmail.com
0,0,0.2629533860284362,21.933121857634067,2,gmail.com
1,1,0.6951629262359272,78.01201229142677,9,gmail.com
0,0,0.287853580938137,31.27661594765469,2,corporate.com
0,0,0.4681851855168948,21.33268954415518,0,unknown.io
1,1,0.5786459417556441,56.45948714765939,6,corporate.com
1,1,0.5880116537451485,,3,gmail.com
0,0,0.1536272916621337,19.556861396631874,1,corporate.com
1,1,0.5217047973449185,52.514876033553165,5,gmail.com
0,0,0.42391763647309655,23.97174044073307,1,unknown.io
1,1,0.7302472476700649,55.723567262574925,6,gmail.com
0,0,0.31442782755322407,31.984717281164105,0,corporate.com
0,0,0.23431391130274942,29.087424903851595,0,unknown.io
0,0,0.47183342220579666,27.446198877061782,0,gmail.com
0,0,0.08676384499972872,15.16975793516041,2,gmail.com
0,0,0.39813814815477,27.216879910511874,1,unknown.io
0,0,0.18308236471492464,33.613138303522746,1,gmail.com
0,1,0.5253106402970414,9.947387418432417,3,unknown.io
0,0,0.21306934483176743,28.446912714878128,0,unknown.io
0,1,0.6526719381900583,24.203207126217677,0,yahoo.com
1,1,0.8305497413699539,58.21721276968844,8,corporate.com
0,1,0.5730801517742301,29.00564291955977,0,unknown.io
1,0,0.4762250918165271,27.348304485422275,5,corporate.com
1,1,0.7245488588905118,65.91167895556288,8,unknown.io
1,0,0.44698732624947474,64.63707281002196,3,gmail.com
1,0,0.492803326512978,60.9322635912859,5,unknown.io
0,0,0.30212146225940156,25.72313816894772,0,unknown.io
0,0,0.23423665258650445,29.365846461907942,1,unknown.io
0,0,0.4933786429500217,23.064734868831362,0,gmail.com
0,1,0.5362830749341683,23.548085041746017,2,gmail.com
1,1,0.6742684506036929,60.193519433524585,6,gmail.com
0,1,0.5474153060328969,30.39325972979863,2,unknown.io
0,0,0.17395923823384138,30.75064339196816,0,corporate.com
1,0,0.433025266451615,65.32159302942013,3,unknown.io
0,0,0.295611786984363,21.464056603532697,1,gmail.com
0,0,0.34578151750595304,25.373408197271196,0,gmail.com
0,0,0.25418543487404444,19.99431221057425,0,gmail.com
1,0,0.3909217864596733,85.14976204142039,4,unknown.io
1,0,0.32144936850272915,75.09376199149072,5,unknown.io
0,0,0.3097889983721965,22.33227331307973,2,yahoo.com
0,0,0.3522269795245091,33.91959303303742,0,unknown.io
0,0,0.4258990964663083,24.97873951640029,0,gmail.com
0,0,0.32317272115083456,37.94694858694524,1,unknown.io
1,0,0.43781792944670617,65.30349220110695,9,unknown.io
0,0,0.2566688527012374,27.88096375164211,1,gmail.com
0,0,0.41278409809176436,31.99951720584779,1,gmail.com
1,0,0.3312625837619058,61.31946416211414,6,yahoo.com
1,1,0.6535478203799953,73.65691653677762,6,gmail.com
1,0,0.4415551003809056,49.34593652532138,10,unknown.io
0,0,0.4242448845985741,27.570663499965598,0,unknown.io
0,1,0.5223610334569938,,3,unknown.io
0,0,0.48734188556444913,25.760668594320578,2,unknown.io
1,0,0.4946055560367571,,6,gmail.com
0,0,0.18742974701123688,16.095591799598495,3,gmail.com
1,1,0.685921804579744,53.959976831449026,5,unknown.io
1,0,0.24223064983032605,52.394576058134646,5,unknown.io
0,0,0.3956240933670642,29.629023207980296,1,unknown.io
0,0,0.2730667348963622,24.590438521371958,0,unknown.io
1,0,0.2664855310770431,78.82839369951873,12,corporate.com
1,1,0.5612793620469877,89.52981150576876,2,gmail.com
1,1,0.6005860682871969,62.99069880981011,4,unknown.io
0,0,0.318883374219413,14.08949352899519,2,corporate.com
0,0,0.32616317791059257,19.094045297021417,4,unknown.io
1,1,0.6758800493246226,57.25363823083073,9,corporate.com
1,0,0.4019446397824607,44.548168420548365,15,gmail.com
0,0,0.3651390020596583,27.30479320928651,2,gmail.com
0,0,0.48887563196146333,33.23141691791989,0,unknown.io
1,1,0.5006818178506572,64.53920288919382,5,unknown.io
0,0,0.45224904962245893,27.39249865897945,0,corporate.com
1,0,0.14431917168034963,72.24905355536569,11,corporate.com
0,0,0.23006204427425486,20.696310057634484,1,unknown.io
1,1,0.58431406953838,43.559819281934196,8,gmail.com
1,0,0.3365473960969947,47.95436398403632,4,yahoo.com
0,0,0.49984692685487,23.081235095434952,0,gmail.com
1,1,0.7135969041136294,56.20679901332439,6,yahoo.com
1,0,0.4141143569396996,23.3743951964627,8,unknown.io
1,1,0.7233043228220202,78.1509889976339,12,gmail.com
0,0,0.4737214958362333,31.774464657609194,0,yahoo.com
1,1,0.5101089749515296,32.25887991182391,7,yahoo.com
0,0,0.2369869274025865,31.249105485268394,0,gmail.com
0,0,0.2637477968323366,22.49052942501165,1,unknown.io
1,0,0.45246163348668234,66.06073749799454,14,gmail.com
0,0,0.21038734759578825,23.64000013845932,2,unknown.io
0,0,0.3159290509711418,21.889675825275226,3,gmail.com
0,0,0.35632981769370164,29.110782163285815,0,unknown.io
0,0,0.17874281864999525,26.336053275725277,1,unknown.io
1,1,0.5664001590883301,36.86710658719166,4,corporate.com
1,0,0.4688701428650223,73.28291058458932,9,unknown.io
0,1,0.7568315177790896,23.62408781306827,1,gmail.com
1,1,0.6070180818056925,64.25517674548279,5,gmail.com
0,0,0.3817487285418918,,1,yahoo.com
0,0,0.3903931730226137,27.317301778331085,1,yahoo.com
0,1,0.575899959441359,26.9492382468871,1,yahoo.com
0,0,0.3741650065354755,23.18375408873585,3,yahoo.com
0,0,0.3459319126998838,29.23555603719701,1,corporate.com
1,1,0.63900609404733,84.12115703180321,3,unknown.io
0,1,0.6566441085067446,21.725077556956403,0,gmail.com
0,1,0.6494273992450955,17.659891756163244,1,gmail.com
0,0,0.2377145689327443,,0,corporate.com
0,1,0.5332788756030008,25.06195038097004,0,corporate.com
1,0,0.3984450353286898,44.61084990450858,8,gmail.com
0,1,0.5873491296016337,,3,gmail.com
1,1,0.5694449339760689,39.9775977361726,9,unknown.io
0,0,0.3844213208467754,18.128003757629358,1,gmail.com
1,0,0.42411336454382825,84.54157665894479,12,unknown.io
0,1,0.5232871715372214,,1,gmail.com
1,0,0.45202542980296734,46.153212236452056,5,gmail.com
0,0,0.18920993187785923,32.36868789038085,0,corporate.com
0,1,0.5763352819312235,12.569167161393217,4,unknown.io
1,0,0.273795851916054,59.062293477341846,7,unknown.io
1,1,0.6873055635845535,75.61661724786845,9,yahoo.com
0,1,0.6277582247863257,27.283853888502296,0,gmail.com
1,1,0.6914245808282254,97.26216121118003,2,corporate.com
1,1,0.6127719914750374,77.88716103761357,4,gmail.com
0,0,0.2725771524290657,19.867829446820572,3,unknown.io
0,1,0.5640946244365557,22.461540108083067,0,unknown.io
0,1,0.7756418135226519,24.147036676049655,0,gmail.com
0,0,0.31658269980667336,27.037090173259877,1,gmail.com
1,1,0.5129553951068678,79.58664867431281,5,unknown.io
0,0,0.4635388408712288,29.464202771596483,0,unknown.io
0,0,0.4404835295053925,29.07926755039258,0,unknown.io
1,0,0.42083979507584235,64.10903605397007,8,gmail.com
0,0,0.45586563515992107,27.079613295287952,3,unknown.io
1,1,0.5929497788880727,72.69527139309031,8,gmail.com
1,1,0.5436153675324132,38.05348123125452,2,gmail.com
1,0,0.3502341928778452,63.65430032234737,5,unknown.io
1,1,0.5885265016816017,57.485527117674536,6,unknown.io
0,1,0.614774341052414,28.618997082222105,1,yahoo.com
0,0,0.3837593450784438,,0,unknown.io
0,0,0.1494646499414756,29.552460659718477,1,unknown.io
0,0,0.2679726375182384,19.19377773759821,2,yahoo.com
1,1,0.6880290022510348,48.23832698915642,7,unknown.io
0,0,0.34893983397314193,23.695645993770547,0,unknown.io
1,0,0.4325512512670268,51.125312769863314,7,unknown.io
1,1,0.5008058862128725,37.178505286285386,10,corporate.com
0,0,0.18855348346829656,33.81702022959261,1,corporate.com
0,0,0.19936400497984547,23.19267835418269,2,unknown.io
0,1,0.7544064782772824,23.10260371994128,1,gmail.com
1,1,0.7503362797166903,64.44276830982696,6,gmail.com
1,0,0.47973636315672696,62.403889299624986,10,unknown.io
0,0,0.10911517914215098,24.638354993488466,1,unknown.io
0,0,0.22666004826489689,21.311868673645726,2,yahoo.com
0,1,0.6663553026785112,21.494682345104064,0,gmail.com
1,1,0.6967171697518215,53.872507227656904,5,unknown.io
0,0,0.16762382837523174,20.49217252348242,2,gmail.com
0,0,0.3098360900879691,21.159028824972587,0,corporate.com
1,0,0.36506155585220906,45.33529744267791,8,gmail.com
1,1,0.6528264766945646,75.43316162518417,7,unknown.io
1,1,0.7054106942893478,32.874869189636485,8,gmail.com
0,0,0.3964413953239623,20.770331799485156,1,unknown.io
1,0,0.47790495048207154,69.15200317631901,6,unknown.io
0,1,0.6150042534505994,25.969609732407676,0,corporate.com
0,1,0.5400589574100786,23.146017831002368,1,gmail.com
0,1,0.6423830068229662,36.14077216674825,1,gmail.com
0,0,0.26139217756877936,24.187360176618718,0,yahoo.com
0,0,0.16908592304440112,26.67609173108686,2,corporate.com
1,0,0.43645304107473337,69.77762357970533,9,unknown.io
0,1,0.7125782039351357,29.622889329314255,1,gmail.com
1,0,0.4156004365708626,49.874414828707984,4,unknown.io
0,0,0.44255637276755455,24.194362566569993,2,unknown.io
0,0,0.3078997486282053,35.12014268189628,1,corporate.com
1,1,0.55253820274851,71.14493116408727,4,yahoo.com
1,1,0.6970309536954543,82.93651510009872,11,unknown.io
0,1,0.5378901150726434,21.770755058529907,0,unknown.io
1,0,0.25395444211997814,76.80194109496566,6,unknown.io
0,1,0.5783202152305479,29.108078761185816,0,yahoo.com
1,0,0.39819061163228325,71.90902681365765,4,unknown.io
0,0,0.3806891083617314,24.971385795475395,1,gmail.com
1,0,0.4446806511585203,41.860132983323794,10,corporate.com
0,0,0.28181439319839097,36.19982596115724,3,corporate.com
1,0,0.3277699732442856,63.845414756076984,7,corporate.com
1,1,0.6117549593521286,,11,unknown.io
0,1,0.5607570399958669,24.319517706591753,1,gmail.com
1,0,0.4394536230957952,48.578166648542236,8,unknown.io
0,0,0.3153275098429224,22.252277045949775,1,unknown.io
0,0,0.38822420639996075,24.595060452989163,1,unknown.io
1,1,0.7836952306416723,81.88228703784704,10,gmail.com
0,0,0.32853825246575535,26.785964394974695,0,unknown.io
0,0,0.4913804554442731,13.392573289612109,2,corporate.com
0,1,0.6647995548277121,24.871153220613714,0,unknown.io
1,1,0.7678786308939194,68.86032067266287,6,unknown.io
0,1,0.5333640030251494,30.081439713783176,4,gmail.com
0,0,0.21057629915182197,33.77655535316652,0,gmail.com
1,1,0.5115289149602428,64.5473074256441,4,unknown.io
1,0,0.15929557457151905,50.47107923162086,8,unknown.io
1,1,0.5650334619722563,48.75499573581129,5,gmail.com
1,1,0.7115580757348458,54.989203769147316,15,corporate.com
1,1,0.590406930645535,40.518874700842616,7,corporate.com
0,0,0.4173836186060539,27.603882223670034,0,unknown.io
0,0,0.26099096079117345,25.02219261304907,0,gmail.com
1,1,0.7164589555529243,66.77550301463909,10,unknown.io
1,0,0.443424638563789,56.64902375486864,5,unknown.io
1,1,0.5308024712900351,57.04338018093907,8,unknown.io
0,1,0.5781656574217146,,1,unknown.io
0,0,0.40965757666120234,23.647316314193667,0,corporate.com
1,0,0.41189941169713795,51.44404890604885,6,yahoo.com
1,0,0.2235179247271122,43.236209360650136,6,gmail.com
1,1,0.5709186928482402,,6,yahoo.com
0,1,0.6484245605821009,26.918275119333945,0,gmail.com
0,0,0.21464424422547518,20.609318409572964,3,unknown.io
1,0,0.36040909768945495,56.29713161233721,8,unknown.io
1,1,0.5215496043641941,36.59349798292453,7,corporate.com
0,1,0.5855447898635309,22.37885775947706,0,gmail.com
0,0,0.2215227339753855,26.68160904810843,2,gmail.com
1,0,0.3063071374556586,51.378101591770246,11,unknown.io
1,0,0.4228008207490326,79.19421178766622,4,unknown.io
0,1,0.7680995150781762,30.26534858797456,1,gmail.com
0,0,0.2819955207503383,25.74101484313949,0,unknown.io
0,0,0.3804633288734628,21.486364672863537,3,gmail.com
0,0,0.28745395146764047,,0,gmail.com
1,0,0.3843287737423942,70.81742733126232,6,gmail.com
0,1,0.6008207910373885,26.468933441373615,1,unknown.io
1,1,0.5537525687540891,80.45318919959419,4,gmail.com
1,1,0.6385104755494949,,7,gmail.com
0,1,0.534436173528502,30.132096885673,0,gmail.com
0,0,0.20510959919129879,36.59051130231901,1,yahoo.com
0,0,0.14603563329890687,21.042661787435733,0,unknown.io
0,0,0.3698425130085612,19.090530128140053,1,gmail.com
0,0,0.49090041161749537,25.87771121917574,0,unknown.io
1,1,0.6746072024429018,80.74586097872407,7,gmail.com
1,1,0.5687198923490536,52.32197398359723,6,yahoo.com
1,1,0.671560961714599,83.19162840647115,8,gmail.com
1,0,0.23356201286090206,81.22115729039719,8,gmail.com
1,1,0.6102355624241758,59.01706326766573,3,gmail.com
1,1,0.549403289677756,,9,gmail.com
0,0,0.4089630390057048,28.03627508877461,1,unknown.io
1,1,0.6767728409412248,99.96921738002152,8,unknown.io
0,1,0.5582029638120836,26.201153128852237,1,unknown.io
0,1,0.5450922255108812,24.860261143608536,0,gmail.com
0,0,0.45954042669910006,29.146719626131407,2,corporate.com
1,0,0.41065899966139974,,4,gmail.com
1,1,0.5591491071632907,63.65740389925147,9,unknown.io
1,1,0.5226717906271793,41.349618935859695,5,unknown.io
1,1,0.6671682014047902,61.2006190382289,8,unknown.io
0,0,0.484728429043964,20.983290123547622,1,gmail.com
1,1,0.564801805041606,33.0096497817529,6,yahoo.com
1,0,0.3741111002755599,72.39875947705872,4,gmail.com
1,0,0.4327828733141463,80.62196955082169,7,gmail.com
0,0,0.3378882087122752,,0,gmail.com
0,0,0.1863531356767479,24.060785899681044,1,gmail.com
1,1,0.512734499107537,,10,yahoo.com
0,0,0.4885580115879645,31.528227809200235,2,corporate.com
1,1,0.5229531492205571,55.39840973004554,9,corporate.com
0,1,0.5986418691945987,27.38005400032813,0,unknown.io
1,1,0.639453315583849,50.74051395362932,6,gmail.com
0,0,0.18826800101094665,33.79136078937639,0,gmail.com
1,1,0.5209591542591463,72.73208186597174,11,unknown.io
0,0,0.3508441891141293,,3,unknown.io
1,0,0.2961820026738005,39.60047679491589,11,gmail.com
0,0,0.09964451555815335,23.555113708669207,0,unknown.io
1,0,0.48506362851462415,66.33021539116041,7,yahoo.com
1,1,0.5537482736359404,56.749274829203586,4,yahoo.com
0,0,0.2292462298884336,19.25896354014145,1,corporate.com
1,1,0.6376245289036354,36.54106102649019,5,yahoo.com
0,1,0.548949657706426,33.02845053910421,0,unknown.io
0,0,0.3398925889450007,20.623382162044773,2,yahoo.com
0,0,0.48841924771067247,25.364008971811547,0,gmail.com
1,1,0.5759701059796324,44.16233043849239,7,unknown.io
0,0,0.14082156965786935,31.164592933387414,0,yahoo.com
0,0,0.19824014900146,23.31628484976052,0,unknown.io
1,0,0.28837693267279857,66.93821884196625,9,yahoo.com
1,0,0.4493671713519066,65.655913644426,2,corporate.com
0,0,0.3845531580740352,25.52579990925606,0,gmail.com
1,1,0.6600243859800132,53.62210570090674,9,unknown.io
1,1,0.6039484719222848,54.31523888912713,5,unknown.io
0,0,0.4580946660035895,26.23276047748659,1,gmail.com
1,0,0.4196273327844991,39.826698288282,3,gmail.com
0,0,0.4048647774179358,27.208125339071085,1,unknown.io
1,1,0.521040845225754,53.500737395582185,9,unknown.io
0,0,0.22159880749792482,21.672330664956604,0,unknown.io
1,0,0.3333336792696609,63.83339548480205,13,corporate.com
0,1,0.5677979214020137,16.225645742288744,2,unknown.io
1,1,0.5474540136885476,29.755585343652523,10,gmail.com
0,0,0.13215129275274892,14.940093171471485,0,unknown.io
0,0,0.46722310361800895,16.343377105618423,1,corporate.com
0,0,0.141159793473164,22.505106284720572,1,unknown.io
1,1,0.6338517042573398,72.93086385819817,6,gmail.com
0,0,0.3124685457835176,31.626318015636944,1,unknown.io
0,0,0.3633411779905474,25.288113815797978,1,unknown.io
0,0,0.24596140442058115,23.76723196212005,1,unknown.io
1,0,0.4192599115224076,80.53671551512126,7,unknown.io
0,0,0.3867113456872166,20.64550589766033,3,unknown.io
1,0,0.4700389133689476,35.74272428339935,9,unknown.io
0,0,0.20952403730574237,19.0027687102232,1,corporate.com
0,1,0.5069263287695189,25.412952584377067,1,gmail.com
0,0,0.3877286288669789,24.350818370752982,0,unknown.io
1,0,0.46532575977294655,85.82946432198264,4,unknown.io
0,0,0.3342748194336899,25.825203182688696,0,gmail.com
0,1,0.7268622470544879,25.792748265798213,4,unknown.io
0,0,0.26211699506713926,30.877270061695675,2,gmail.com
1,0,0.440726797830202,65.86927435681311,7,gmail.com
0,0,0.22531047043937535,24.61975546151479,2,unknown.io
1,1,0.6252238557338338,56.82134109783779,6,unknown.io
0,0,0.49677372777114587,29.34881029088146,2,unknown.io
0,0,0.26737266203461635,28.769560325960665,0,unknown.io
0,0,0.2566756463943022,27.539399225343104,0,gmail.com
1,1,0.5782367910315246,44.580088901738414,7,gmail.com
1,0,0.46493613290257824,67.18678691674158,5,unknown.io
0,0,0.2831335800208404,17.34934535628334,0,unknown.io
1,1,0.775778231756656,57.18604499862582,8,gmail.com
0,0,0.25483552087019634,18.62064500049038,0,unknown.io
1,0,0.13048451130186303,56.093541202573306,11,unknown.io
0,1,0.6701158872995475,28.37582200494147,0,unknown.io
0,0,0.3839766872890614,10.119837629952377,0,unknown.io
1,1,0.5788757634416898,58.01361622584995,7,gmail.com
1,1,0.6201620979021325,61.27196593539215,5,gmail.com
0,0,0.4801746504364701,17.161138262051125,0,unknown.io
0,0,0.3733510363346721,25.504734851447907,1,unknown.io
0,1,0.5434899209806641,30.4626270733921,2,gmail.com
1,1,0.6439684703074793,41.685741435016936,6,unknown.io
0,0,0.15877996793081758,30.49536531276983,0,unknown.io
1,1,0.5506362385064272,44.36125269699261,5,gmail.com
0,1,0.6005898389012545,22.92997382430798,0,unknown.io
0,0,0.46049210119875533,20.37653884738234,1,gmail.com
0,0,0.45781278565038336,33.58790102522159,2,yahoo.com
0,0,0.4445524837518736,28.19681421743315,1,unknown.io
0,0,0.41234756238081105,39.23504794478821,2,gmail.com
0,1,0.6339730246433246,22.661952332913863,2,gmail.com
1,1,0.5702109220537267,64.77382869875142,18,unknown.io
0,0,0.1945645623292717,24.28586680702425,1,unknown.io
1,0,0.3356940785824114,59.086710346399464,10,corporate.com
0,1,0.7315158086991819,23.169401553123265,0,gmail.com
1,0,0.38040293291222727,71.4689939645337,10,yahoo.com
1,0,0.4235189486961803,36.37680018805898,13,unknown.io
1,1,0.6086733936787303,56.33524442040527,6,gmail.com
1,1,0.5866797597778957,82.62504147086594,9,corporate.com
0,1,0.5429396633531125,24.313544660448166,0,corporate.com
1,0,0.49785532182890224,72.7640539166367,5,corporate.com
1,1,0.7946323224359881,68.05237025933513,3,gmail.com
0,1,0.6281877971308156,29.71758409076354,0,gmail.com
0,0,0.19575920018091628,33.803140173122465,2,unknown.io
0,0,0.3496557682922423,20.797826186651466,1,unknown.io
0,0,0.4390812560813836,23.040031876061423,1,corporate.com
0,0,0.49788702707791915,20.874940507969068,0,unknown.io
0,0,0.3397481592196197,25.935507686111364,1,unknown.io
0,0,0.4186675472453914,,1,gmail.com
1,0,0.40733378706964063,52.94191290705874,4,gmail.com
0,0,0.273154320052274,30.518134552223934,0,yahoo.com
1,1,0.5023998432497004,61.87145794316078,4,unknown.io
0,0,0.311785416862655,27.458899448003454,0,unknown.io
0,1,0.6876338054654763,22.699064755510605,0,unknown.io
0,1,0.5418088724827018,27.302111339921943,0,unknown.io
0,1,0.6545546969393864,20.517652811248997,0,unknown.io
0,1,0.6844583713661333,30.981304941534376,1,unknown.io
0,0,0.4612765767031426,29.56640309020142,3,unknown.io
0,0,0.46753202942669564,,1,yahoo.com
1,0,0.22490396831401593,57.548891539030315,7,gmail.com
0,0,0.4097661982200229,21.271897664139132,0,unknown.io
0,0,0.37826970336708177,21.90188122655355,2,unknown.io
1,0,0.36484023510781133,71.5217542864604,5,yahoo.com
0,1,0.5828013820243035,21.16135428615694,2,unknown.io
0,0,0.4185204370280319,32.228175233290436,0,unknown.io
0,1,0.5694290719477625,23.382044643594842,1,unknown.io
0,0,0.4256127682757434,27.50947194930311,0,corporate.com
0,0,0.25411880557516936,35.49624759627545,1,unknown.io
0,0,0.4379835115345225,21.468883229659617,1,gmail.com
0,0,0.34727102336850013,25.343808754223915,2,gmail.com
1,1,0.67226690228528,67.44519616605739,8,unknown.io
0,0,0.24298627269573228,29.756386944382655,0,unknown.io
0,0,0.25010776175460786,23.36092344880321,0,corporate.com
1,0,0.27661381964412557,48.59711517388652,12,unknown.io
1,1,0.7088692916973299,46.996121409833485,5,yahoo.com
0,0,0.23368473521328892,32.23928883075682,1,unknown.io
1,1,0.6159330714088918,42.292522695035416,9,unknown.io
0,0,0.3693694047793195,25.390578462417324,2,gmail.com
0,0,0.4248070673746128,22.866067645382874,0,gmail.com
1,0,0.4765467042312018,38.17066536148177,11,unknown.io
1,0,0.27317197731117465,73.05267262120157,9,gmail.com
0,0,0.353159977986535,,2,gmail.com
1,1,0.6112454834270086,62.82660120631135,6,corporate.com
1,0,0.43859062001492705,37.378861802984844,7,gmail.com
0,0,0.2844019188284578,20.843392954371918,3,unknown.io
0,0,0.34841854251825966,28.969729018160862,3,gmail.com
0,0,0.39294776836383055,31.61880269006134,3,unknown.io
1,0,0.4142876999138907,30.356759034145323,6,yahoo.com
0,0,0.36545869170911227,,1,unknown.io
1,1,0.5130648343043218,66.1842089721525,8,unknown.io
0,1,0.5023283829530978,28.874572774569934,2,yahoo.com
0,1,0.5018629041441092,26.431391115409422,1,unknown.io
1,0,0.23806518830252094,46.999009940095306,8,gmail.com
1,1,0.6714833926480036,62.30771490324962,7,unknown.io
0,0,0.42344201139576565,31.715040418680655,4,unknown.io
0,0,0.19905213700180155,,1,unknown.io
0,0,0.35773424435817874,28.677216431020796,0,unknown.io
0,0,0.40134775940400813,14.9425433726909,1,gmail.com
0,0,0.18866467500190237,29.645947807738555,0,gmail.com
1,0,0.12092604357767664,44.57942011360704,4,gmail.com
0,0,0.2562795722170934,22.78036752782554,1,unknown.io
0,0,0.16379660658615453,17.585434794110434,1,unknown.io
0,1,0.6044321992068206,24.972064330159085,2,yahoo.com
1,1,0.5596129572803868,65.73196913836205,8,gmail.com
0,0,0.24484618711266365,18.48499039092598,0,gmail.com
1,0,0.3161975499993585,51.83140602264312,6,yahoo.com
0,0,0.38363537829814537,27.433097400640555,0,yahoo.com
0,0,0.4686395717276289,29.358525655306885,0,unknown.io
0,1,0.5575104681480594,25.95141454961211,1,unknown.io
0,1,0.6119065306602317,30.754173248421814,0,unknown.io
1,0,0.29591018242467654,66.53524667886755,5,unknown.io
0,0,0.4825520005184787,24.72824362799899,1,unknown.io
1,0,0.25656224738027616,64.79734593921098,3,unknown.io
0,0,0.214432161775209,17.198790112231414,2,corporate.com
0,0,0.409360530981878,34.27331066929793,1,yahoo.com
0,0,0.15732013180049134,30.65649525124873,0,gmail.com
1,0,0.4102803349843888,79.39722112531908,2,unknown.io
1,0,0.3767475779102412,63.95799031354418,9,unknown.io
1,0,0.21286714361179948,54.07980437009245,1,unknown.io
0,0,0.43236344865438553,23.630037634184784,1,unknown.io
1,1,0.7465242403719868,76.68490236585394,10,gmail.com
0,0,0.38473887845751464,26.906345734839896,1,unknown.io
1,0,0.3628580037212689,87.33589248827096,6,unknown.io
1,0,0.40027152588578135,76.29795836848233,6,unknown.io
0,1,0.5101732663400067,24.397408128104033,0,unknown.io
0,0,0.3345207927447393,24.2138664155444,1,unknown.io
1,1,0.5605376095698873,57.30401228984819,6,gmail.com
1,0,0.3925973801744011,61.07496209626277,8,gmail.com
0,0,0.49131100767092023,25.363447315177165,0,unknown.io
1,0,0.1961428985705197,69.55999561908288,5,unknown.io
1,1,0.7397864600508806,62.543106153274294,9,gmail.com
0,1,0.5011522821334898,,3,unknown.io
0,0,0.2686782164469067,29.107694086541052,1,unknown.io
1,0,0.37962828120909625,47.121206615550214,4,gmail.com
0,0,0.4879333724316993,22.942717451167592,1,gmail.com
0,0,0.24094227984472508,,0,yahoo.com
0,0,0.42383519192594465,19.335585933228636,2,gmail.com
0,1,0.7408853283395104,17.1349572867525,0,gmail.com
1,0,0.3882777237928454,75.0386972140739,8,gmail.com
0,1,0.718527397142537,16.517709227767646,0,gmail.com
1,1,0.5273139148278086,65.19051616366202,4,unknown.io
1,1,0.608980233493846,68.31381714039782,7,unknown.io
0,1,0.5938159194218209,23.97607371197132,2,unknown.io
1,1,0.5112218991988287,55.067537601191404,10,unknown.io
1,1,0.7012192192213397,75.52198695789355,9,unknown.io
1,0,0.40320273593494105,43.73294064631825,10,unknown.io
1,1,0.5006855579649352,59.92004140010813,3,unknown.io
0,1,0.5148634861736454,,0,yahoo.com
0,0,0.45821016892722805,30.158809522498125,1,unknown.io
0,0,0.3950706695403742,27.553394415830194,0,unknown.io
1,0,0.38453284183719233,54.09911343066396,7,yahoo.com
1,1,0.6383258360909891,73.45061667553055,4,gmail.com
0,0,0.3700058123407519,26.929783681293163,0,unknown.io
0,1,0.5501138595584294,22.04971663235971,0,gmail.com
0,0,0.20392792312854185,17.600675472455933,1,gmail.com
1,1,0.6236507276558456,36.90561458691059,9,unknown.io
0,0,0.2877924908472195,36.05621475141281,2,unknown.io
1,1,0.6170191148683867,60.654654553193815,6,unknown.io
0,1,0.6331716899687053,32.84620590642354,0,unknown.io
0,0,0.3232069618362693,21.238555891192657,0,unknown.io
0,0,0.25974471017482575,26.07772817504976,1,yahoo.com
1,0,0.19978135138945485,,13,unknown.io
0,0,0.27697904409467566,24.957931670143175,0,corporate.com
1,0,0.3049931182372799,52.61017720179895,8,unknown.io
0,1,0.5453739764776023,28.63063760675187,0,yahoo.com
0,0,0.2513292094013574,34.457275576346106,2,corporate.com
0,0,0.26298281488815706,26.502934623195657,1,corporate.com
1,1,0.6427734397719098,65.89361038521588,6,unknown.io
1,0,0.3211021732399648,59.63742860462687,7,unknown.io
0,0,0.4047682682137973,,2,yahoo.com
1,1,0.5166053949711175,42.59969427085067,8,corporate.com
0,0,0.39007959369916634,22.027931507110136,0,unknown.io
0,0,0.2567390496587458,19.2746604175873,1,unknown.io
0,0,0.43637232662705355,15.870494529436971,3,corporate.com
1,1,0.6237733812475355,96.34659195920331,4,gmail.com
0,1,0.642871288520856,28.27320996412252,2,yahoo.com
0,0,0.2259492037100898,23.016519100173966,2,unknown.io
0,0,0.28523465648731683,24.92514790984523,1,corporate.com
0,1,0.5865922513382986,19.14769145355688,1,gmail.com
0,0,0.18034476517591339,25.664642324137507,2,gmail.com
0,0,0.3422865335526094,27.407476602835622,3,unknown.io
0,0,0.31459217848816423,22.32417866416181,2,unknown.io
1,0,0.2932701138737864,52.06463024041834,6,unknown.io
0,0,0.421771339369851,20.81446836626544,0,unknown.io
0,0,0.3887119948325657,26.41738302009491,1,unknown.io
0,0,0.3597661554702889,29.24158609852303,1,gmail.com
0,0,0.15625662638548468,24.61355249925309,0,unknown.io
1,1,0.5847101883178664,52.63105458508017,8,gmail.com
0,0,0.14910245043262293,17.85566924775169,2,unknown.io
1,0,0.49430399615596127,44.039311091316414,9,unknown.io
1,1,0.7653795744036379,,7,unknown.io
1,0,0.34604332334799187,81.03314384254905,6,unknown.io
0,0,0.3592067320932219,28.363602439300703,1,unknown.io
0,0,0.25736307500751643,21.858507539911233,2,unknown.io
0,1,0.5983279807418549,24.012356978543927,0,gmail.com
1,1,0.8052563574550733,54.162973560351546,6,unknown.io
0,0,0.3310239983491865,19.414011671297775,2,gmail.com
0,0,0.46261814546739194,35.639590373786284,0,unknown.io
0,1,0.5583246147111753,21.275636073618628,1,gmail.com
1,0,0.48784027596043583,,4,gmail.com
1,1,0.6472101221178893,,7,unknown.io
0,1,0.6404401363842435,36.041741321699355,0,gmail.com
0,0,0.30925644020609233,15.445170322038974,0,gmail.com
0,1,0.5231817402445599,24.294921407551538,0,unknown.io
0,0,0.4023582069585565,27.38132508628278,1,unknown.io
1,1,0.6753761038970086,25.917875166440894,8,gmail.com
1,1,0.5099845126621162,36.16515596283337,4,unknown.io
1,0,0.41798449424395134,50.92404463917044,3,unknown.io
0,0,0.3916020205270351,22.001390770343093,1,unknown.io
1,0,0.29022105344886406,42.01076367053801,5,unknown.io
1,0,0.48125716606487534,71.24373857060445,7,gmail.com
1,0,0.44515551983482643,60.031776315262086,7,yahoo.com
1,0,0.38369396974007464,56.779581789197444,5,gmail.com
0,0,0.4495371454191803,22.649774074225657,0,gmail.com
1,0,0.19819548649188765,,6,yahoo.com
1,0,0.3508570147671423,20.599728660020823,8,yahoo.com
1,0,0.3957832028261886,57.555655337912384,4,unknown.io
0,0,0.37937897186659536,36.586768828074305,2,unknown.io
1,0,0.39226023594075293,63.62872476482248,6,unknown.io
0,1,0.6322946947920721,31.427502482422067,0,gmail.com
0,0,0.46746430761774294,25.273280604563492,0,gmail.com
0,0,0.20772701245289782,21.98521095559291,1,unknown.io
1,1,0.5640170128419021,,9,gmail.com
0,0,0.37133181557602785,25.69840982642616,0,unknown.io
0,0,0.3158816324921529,32.26698552907338,2,unknown.io
1,0,0.25846580758649107,,7,corporate.com
1,1,0.5962790106539375,47.74356812039652,6,yahoo.com
1,1,0.5666408929737066,62.83005671264998,10,yahoo.com
0,0,0.33775413784336805,26.704353956731403,1,corporate.com
1,0,0.4266051991395719,69.31496348809102,10,gmail.com
0,1,0.6837882331272579,25.494436079275918,0,gmail.com
0,1,0.6144406167819705,32.561174553327994,0,unknown.io
0,0,0.09120472247871014,24.81529406766251,1,gmail.com
1,0,0.35741885555052244,83.23376930127304,7,unknown.io
0,0,0.11642818138851144,26.941074957955365,0,gmail.com
0,0,0.3511635548270321,24.00771780227982,0,gmail.com
0,1,0.5274331210329285,15.854527930393916,0,gmail.com
0,0,0.43241970684920106,16.60395954973108,2,yahoo.com
1,0,0.3797419872526856,103.35964485598706,5,gmail.com
1,0,0.2535276486003309,70.55693825626227,7,gmail.com
0,0,0.4515143422546999,20.46251809632004,0,yahoo.com
0,1,0.5573300935306623,24.821807195341655,0,yahoo.com
0,0,0.24105638684379016,21.778985008400305,1,unknown.io
1,1,0.6786184771279292,70.93112379698638,7,unknown.io
0,1,0.5820821034325679,23.98639985281665,2,gmail.com
0,0,0.3139994032702113,19.000022099531783,1,gmail.com
0,0,0.38263916487283745,22.444011007193076,1,unknown.io
0,0,0.2958728053928789,27.213766606545523,0,unknown.io
0,0,0.18828400551796676,25.209590201193127,2,unknown.io
0,0,0.29355234610096054,24.590287588040844,0,gmail.com
0,1,0.5096046775312325,34.68692120589692,1,corporate.com
0,0,0.4805851843324317,28.655187626927678,3,unknown.io
1,1,0.5857290698479083,54.875722998445255,6,unknown.io
0,0,0.32562151801625905,24.170157961025375,2,gmail.com
0,1,0.6254609300080551,26.100725951756374,1,unknown.io
1,0,0.19249324760161607,63.29805213560918,8,gmail.com
1,0,0.3871424157992968,58.30544286076398,9,gmail.com
0,0,0.08823755078871919,24.44800047950478,0,corporate.com
1,0,0.3262791784446762,60.947904057753405,8,gmail.com
0,0,0.30692617086164536,25.80305651077584,2,unknown.io
1,1,0.8068349194902248,64.66257596308185,2,unknown.io
1,1,0.601058509425671,51.833984706316315,8,unknown.io
0,0,0.12740439999944916,21.666903612526387,0,yahoo.com
0,0,0.2773409154818477,21.62144234920654,0,gmail.com
0,1,0.5976398832077667,28.470483734058785,0,gmail.com
1,1,0.8771643799293871,82.99175827152158,6,corporate.com
0,0,0.2524938079330773,23.542968193255533,3,unknown.io
1,1,0.6623199279909634,64.24904925219897,9,yahoo.com
0,0,0.3208403579901043,27.457789597012933,2,unknown.io
0,0,0.4833147182132795,27.52128622242076,1,unknown.io
0,1,0.6315857022726311,23.424039700382778,0,gmail.com
0,0,0.27332016053111186,28.57408344240036,2,unknown.io
0,0,0.2682703168129953,15.709374931332041,1,corporate.com
0,0,0.4869611425062726,21.465732992428283,0,unknown.io
1,0,0.43701233098926995,68.5053274935484,6,unknown.io
0,1,0.66800113393917,19.138587515485234,1,gmail.com
1,1,0.6878128189551045,,6,corporate.com
0,0,0.46287452714710997,23.460520174807765,1,unknown.io
1,1,0.5028998452841617,80.00158749049447,8,gmail.com
1,1,0.5356444054803641,61.87167869516118,7,unknown.io
0,1,0.6687355194472159,22.263560583973135,0,gmail.com
0,0,0.38276306283155703,28.666079188107968,1,unknown.io
0,0,0.42932524452792037,28.182710190378337,1,unknown.io
1,0,0.23503108410332751,65.69750182555629,6,unknown.io
0,0,0.44036209446116953,23.249044848229993,1,corporate.com
0,0,0.4900675104698377,16.00749752407663,1,gmail.com
0,1,0.6960980581231803,25.350929262113723,2,gmail.com
1,0,0.4277158353871061,58.10787675184023,11,unknown.io
0,0,0.45502766451318016,21.382474454689962,1,corporate.com
0,0,0.4599705967468763,23.49390427973409,0,yahoo.com
0,0,0.4503356831576216,23.305361843254286,0,unknown.io
0,1,0.5016103327786023,25.70779633447897,3,yahoo.com
0,1,0.5030173106497631,,0,unknown.io
0,1,0.5943790123994482,,0,unknown.io
1,0,0.22509154306303944,37.33613157274509,7,unknown.io
1,1,0.7011128237102364,76.84156860350012,4,corporate.com
1,0,0.27424344817158375,69.91778212224007,5,yahoo.com
0,0,0.2894388393811979,24.057040744468416,2,unknown.io
1,1,0.6138846467196253,46.13387147655003,7,corporate.com
0,0,0.40229978277938544,23.127997760005467,0,unknown.io
0,0,0.20416913972047698,24.188757300207524,0,unknown.io
1,0,0.4641773023898909,75.70764982504495,6,gmail.com
1,0,0.41512005063191987,59.15871410581988,4,unknown.io
0,0,0.4268684884048157,28.878826926413623,2,unknown.io
1,1,0.6381316739836681,50.70193394063172,4,unknown.io
1,0,0.4970180075058071,70.60659240159845,8,unknown.io
1,1,0.613124906211925,49.237520968733676,6,unknown.io
1,0,0.38732317851622383,45.51637490685242,4,yahoo.com
1,0,0.4447709079944647,,4,unknown.io
0,0,0.1749520399312381,22.044771396365793,1,gmail.com
0,0,0.22072732766826175,19.74418196824903,0,unknown.io
1,1,0.6519351159897725,,5,gmail.com
0,0,0.35964432867810786,31.563620346363308,1,gmail.com
0,0,0.2946788024470426,19.315644091827924,1,gmail.com
0,0,0.4224953905365974,28.735932950625468,5,yahoo.com
0,0,0.1821848325611469,20.00026486603309,0,gmail.com
1,1,0.5004102195184807,70.80536247590263,6,unknown.io
1,1,0.6354556116399073,64.98919138424962,8,yahoo.com
0,0,0.18704879597226243,16.567349701548316,2,unknown.io
1,0,0.4622273069177051,62.24808296902912,10,gmail.com
1,0,0.43436462100412415,68.95190665996222,8,gmail.com
0,1,0.6948775148737817,27.565214616829074,2,corporate.com
1,1,0.7060523133172146,70.2943281259772,8,yahoo.com
0,0,0.33677648824137496,22.13122224797812,2,gmail.com
0,0,0.25010908867390935,34.93767080511684,3,unknown.io
0,1,0.7668246492340101,25.590247333448872,1,gmail.com
1,1,0.520038025275157,66.44026070491907,7,unknown.io
0,1,0.5247026479904867,23.734257499785276,1,gmail.com
1,0,0.4466824798663253,57.821570312416206,5,unknown.io
1,1,0.6269379685148238,58.7633106127627,9,yahoo.com
0,0,0.10162435943725234,21.69834368599942,0,unknown.io
0,0,0.4019820835969366,27.46241742372311,3,yahoo.com
0,0,0.27697561512396784,22.6466342750891,1,gmail.com
0,0,0.31891965012913825,,1,unknown.io
1,0,0.4319748404919039,31.221158646610455,8,unknown.io
0,0,0.39991583779380624,27.990873014952836,0,gmail.com
0,0,0.4920445551700312,31.49590626314592,1,gmail.com
0,1,0.6373007577069625,,0,unknown.io
1,1,0.5099905527570948,71.2663581450545,3,gmail.com
1,1,0.6903683748917281,60.620786434606714,5,corporate.com
1,0,0.4382870889230814,57.71433754093235,8,unknown.io
1,0,0.4725603174208392,36.82635945610326,5,unknown.io
0,0,0.34950039444111936,20.4780243852269,0,gmail.com
0,0,0.18685935720641006,19.483536285876866,1,unknown.io
1,0,0.42707385663528796,79.6882379151034,8,gmail.com
1,1,0.7979189959502972,65.16200557242098,11,gmail.com
0,0,0.11236426156192297,21.464444593533955,0,corporate.com
0,0,0.3146314339619425,26.769909663355033,1,unknown.io
0,0,0.2528463071065213,12.854438314166769,0,gmail.com
1,1,0.5421905969736939,58.160173495385706,10,gmail.com
0,0,0.37538349872070303,25.21820066232869,1,unknown.io
0,0,0.2511302731842553,18.53516993798236,0,yahoo.com
1,1,0.5466439866976383,67.89821668730521,5,unknown.io
0,1,0.5554581332523465,29.95823189130401,0,unknown.io
0,0,0.13038919811546035,28.00526467537052,2,unknown.io
0,1,0.5573092525952835,31.933903286426055,1,yahoo.com
0,0,0.28536535709371585,21.586285775978826,0,unknown.io
0,0,0.37704437257563134,26.482919185754014,1,unknown.io
0,0,0.28951063707389585,27.132839558918388,0,gmail.com
0,1,0.5299342054465441,28.476337501261185,0,corporate.com
1,1,0.8684906483294943,67.30342216742946,7,yahoo.com
1,1,0.6956784515040806,61.77891634585311,9,gmail.com
0,0,0.3865710097298274,24.429148661197598,2,unknown.io
0,0,0.2731637357218606,21.949251272099275,2,unknown.io
1,0,0.27396528217317473,70.60588287601806,14,yahoo.com
0,1,0.5862789629472734,28.492163910314876,1,unknown.io
0,0,0.34905148428159455,16.72982249869649,0,corporate.com
0,0,0.4821271027054157,30.546857847296426,0,unknown.io
1,1,0.6061025818185082,59.98393299693879,5,gmail.com
0,1,0.5725226114190896,23.46314840151384,0,gmail.com
1,1,0.7133854879011539,59.16909711776496,4,gmail.com
1,0,0.4315043965303652,51.39098050388699,7,unknown.io
1,1,0.6432862383654128,60.139351024600415,10,gmail.com
0,1,0.5084244740320297,19.096869773524446,1,gmail.com
1,0,0.30652281873627657,82.38914921196053,5,unknown.io
0,0,0.3359452310804656,29.706281983344596,2,unknown.io
0,0,0.30266746898452207,22.05428227257805,2,unknown.io
0,0,0.26977814747189666,22.525440633500754,1,unknown.io
0,0,0.34923708239711,29.81975625527356,0,unknown.io
1,1,0.7376258837872712,40.01806568053648,3,unknown.io
0,0,0.23054313409193614,26.34617566443129,0,unknown.io
0,0,0.3427011404180217,25.214536630838456,1,unknown.io
0,1,0.5580423864440951,24.986571370683787,1,unknown.io
1,0,0.3274120168546339,36.087259804118986,4,gmail.com
0,0,0.3758194483775109,22.100724092683357,1,yahoo.com
1,0,0.34930198682530444,41.79431701540125,5,corporate.com
1,0,0.2911766556387177,72.95408260329432,5,unknown.io
1,1,0.5952373841494941,67.87297487587693,9,unknown.io
0,1,0.5876477770275713,29.843723105836258,0,unknown.io
1,0,0.33441777555098096,55.03253601216268,8,unknown.io
0,1,0.5924958743977873,19.707747552894812,1,yahoo.com
1,1,0.5467931882562775,60.124117415134805,6,unknown.io
1,0,0.40826701133108756,48.41647467987687,7,gmail.com
0,0,0.3394212729637531,30.045517058640264,2,corporate.com
1,1,0.5522915185999491,77.08048420041972,10,unknown.io
0,1,0.7385306355829416,23.61894809399837,2,unknown.io
0,0,0.3488612846999496,32.057733527462176,3,unknown.io
0,0,0.2947582383400245,27.541336607316744,1,gmail.com
1,0,0.4750979734498671,64.83030719482821,5,unknown.io
1,0,0.4875592895261829,42.39273004352364,7,gmail.com
1,0,0.2727467371912511,34.86239753172228,7,unknown.io
1,1,0.5264536388374927,,7,corporate.com
0,1,0.563103753190868,32.626516460372954,1,unknown.io
1,0,0.46626925047826356,49.08075198788531,9,gmail.com
0,0,0.4135702953335257,29.940479917883437,2,yahoo.com
1,0,0.21503106109777753,91.90946120624352,8,unknown.io
1,0,0.48348963321712174,32.31864172793196,5,unknown.io
0,1,0.5276575055594893,20.813089578252125,0,unknown.io
0,0,0.48115853018029286,23.238913405512715,0,unknown.io
0,0,0.3766298777964532,16.676054992836185,1,unknown.io
1,0,0.45940746722538767,49.410222517516345,5,unknown.io
0,0,0.27272918506401017,23.58353520291144,5,yahoo.com
0,1,0.5319156068581133,31.4566536453248,0,yahoo.com
1,1,0.6951933863756603,54.77537407433991,9,unknown.io
0,0,0.4766853777006861,30.413124605011053,1,gmail.com
0,0,0.43626422806247467,22.525596709103404,1,yahoo.com
0,0,0.38371035318185864,18.57815295845413,1,gmail.com
0,0,0.4463526741722059,33.13559026079879,0,gmail.com
1,1,0.5672448755578468,44.83504559885989,4,unknown.io
0,1,0.646373164058483,26.058962100928923,0,yahoo.com
0,0,0.2521066117789469,25.169689425674814,1,gmail.com
0,0,0.2695633258416258,27.19755009409559,0,unknown.io
0,0,0.4278910847841285,25.973142889587056,0,unknown.io
1,0,0.3927678832791701,53.913952475516226,8,unknown.io
1,1,0.5983530462190997,67.49121911908604,13,yahoo.com
0,1,0.6505610213192073,34.80358916019351,1,gmail.com
0,0,0.3749681921725934,38.360783713140066,0,gmail.com
0,0,0.19505106526564894,32.81334252615341,1,gmail.com
0,0,0.3442589681763445,27.391119700813118,0,gmail.com
0,0,0.4767265618042481,23.311254836490324,0,unknown.io
1,0,0.48277219762851087,34.397061567104245,3,unknown.io
0,0,0.3029648319619251,21.33858794784899,1,unknown.io
0,1,0.8326830921173123,22.233661706566195,1,unknown.io
0,0,0.16654157974257625,35.75582020712885,1,unknown.io
0,0,0.48528368070798084,34.031411481913,1,unknown.io
1,0,0.3290614826302866,76.45086311443927,10,unknown.io
0,0,0.3568051488587444,20.196934117935868,2,unknown.io
0,0,0.38028934093978106,29.465279633555184,0,gmail.com
0,1,0.660865432298521,23.806914857446973,1,gmail.com
1,1,0.6312708789004597,73.31434445070595,10,unknown.io
0,1,0.6089370186805504,26.435503187006297,2,yahoo.com
1,0,0.26081114390964344,39.23432783679465,7,unknown.io
0,0,0.23362094925524088,20.959732854549813,1,unknown.io
1,1,0.6486797395719685,,5,unknown.io
1,1,0.7058808667960743,41.51318413754662,7,gmail.com
0,1,0.7696834351039271,24.82871590447996,1,corporate.com
1,1,0.6193210151932526,,10,corporate.com
1,0,0.305901563712468,66.6756404984128,9,unknown.io
0,0,0.2846759389397763,32.601389944414166,3,yahoo.com
0,0,0.34798479069770744,20.083116385256602,0,unknown.io
1,0,0.3432590725423172,57.310079581904525,6,unknown.io
1,1,0.6904362640961899,63.0267766105643,12,unknown.io
1,1,0.5757589966922686,54.03389573631702,5,unknown.io
1,0,0.35244215202853396,51.23251176567074,6,unknown.io
1,1,0.6147214829567281,80.07374446143113,5,gmail.com
1,1,0.6717752100742316,29.343469477102552,12,unknown.io
0,0,0.396676894596033,26.372680937916407,0,gmail.com
0,1,0.5029608246103293,26.157307912493863,1,corporate.com
1,1,0.6952022650206865,48.74942733535319,2,gmail.com
0,1,0.5677592873026864,15.336329287155307,1,unknown.io
0,0,0.16328559981039864,23.750407575802356,1,corporate.com
1,1,0.6415689644209757,47.759653920806954,8,unknown.io
0,1,0.5471973413070623,44.71165505403343,1,unknown.io
0,0,0.3705881734040644,18.97845533730245,5,unknown.io
0,0,0.20331148002809052,27.115399801621763,0,gmail.com
1,0,0.458899665515762,84.01678028458903,5,unknown.io
1,1,0.6313739064124129,86.95524774746931,7,unknown.io
0,0,0.27726946461979174,18.231086196042593,0,corporate.com
0,0,0.4243820509731061,28.124697451579397,1,unknown.io
0,0,0.30845609033880683,17.963944502479052,2,gmail.com
0,0,0.30387963278455044,23.407166659695836,0,unknown.io
0,1,0.5992128352731878,24.828433346250954,1,unknown.io
0,0,0.45522699287863383,30.34845840869804,0,gmail.com
0,0,0.32051365230603346,19.614165869207362,1,yahoo.com
0,0,0.39758242621869927,28.316915244236927,0,unknown.io
0,0,0.36483557807051376,25.093888616939736,0,gmail.com
1,1,0.6017325074673543,58.27816767548175,8,corporate.com
1,0,0.3188689093823982,37.45797433042395,10,unknown.io
1,1,0.6136621483493314,56.99798168657794,7,unknown.io
1,0,0.4275244333027278,41.27127466350353,8,unknown.io
0,1,0.5259882847715669,22.155475734552876,1,unknown.io
1,1,0.5336589609004959,49.80870658585664,7,yahoo.com
0,0,0.2653584216515945,26.6727881726894,2,unknown.io
1,1,0.5425892974865159,76.22371092547174,3,unknown.io
1,1,0.5664459893936681,83.84170404157062,6,yahoo.com
1,0,0.4116753451430669,22.079931164692645,4,unknown.io
1,0,0.489025066949464,47.48708859189326,5,unknown.io
1,1,0.6536953465971511,55.45370884331979,8,gmail.com
1,0,0.470621449409548,66.90491727572224,4,unknown.io
0,0,0.35081973307077935,28.471055214726128,2,unknown.io
1,1,0.8881980963969306,45.268613897996765,8,corporate.com
0,1,0.6044597419937529,18.47243781208514,1,unknown.io
1,0,0.19030007023526888,61.27332362290001,12,unknown.io
0,1,0.5861085316902261,22.922747584806253,1,unknown.io
0,1,0.6092897533372491,18.318340553922773,0,gmail.com
1,1,0.613468907577089,65.07891649673793,8,corporate.com
0,0,0.4283373278957893,19.322779028314386,0,corporate.com
1,1,0.6611677029288192,60.83609659989552,3,unknown.io
0,0,0.4469771508000583,18.642279639366166,1,unknown.io
1,0,0.3401373624519248,26.410160001536624,6,gmail.com
1,0,0.4660785306686192,83.16500230456852,7,yahoo.com
1,1,0.6326212299015546,26.93276923679514,6,corporate.com
0,1,0.5305333905263118,26.712654948647966,0,unknown.io
0,1,0.5007293303861009,20.269799908742236,2,unknown.io
1,0,0.4554642645351218,70.08919336634764,5,corporate.com
0,1,0.5564323118326433,22.293527554307857,1,gmail.com
0,0,0.24942646955146103,23.859476577742416,0,gmail.com
0,1,0.6475232820717328,31.58529338983682,2,gmail.com
0,1,0.5741934480689789,24.091328775731906,1,unknown.io
0,0,0.43039135544446716,25.239443913376075,0,gmail.com
0,0,0.2057258529780712,23.591558396054353,1,corporate.com
0,0,0.37481785809767926,23.625838109713865,1,unknown.io
1,0,0.3111907234738485,54.10988019710874,2,unknown.io
0,0,0.41439577712578807,27.764715945990528,1,unknown.io
1,0,0.44831047329132184,46.66121756293623,9,unknown.io
0,0,0.3843695196689296,21.16959771926535,0,unknown.io
0,0,0.4914722658999582,21.954319555712182,1,unknown.io
0,0,0.3174462805244675,17.99372992900116,1,unknown.io
0,0,0.15672853636940223,17.047848707403514,1,unknown.io
0,0,0.38535241104231455,26.48583573612454,1,unknown.io
1,1,0.7569264166557859,,9,corporate.com
0,1,0.6111026473435281,29.355226465726087,2,corporate.com
1,1,0.6032438844852102,47.185355243784564,7,corporate.com
0,1,0.6281076785900978,23.774674564783695,1,unknown.io
0,0,0.49756066898165907,19.489540222037206,1,unknown.io
0,0,0.398907908675945,25.718687189104283,2,unknown.io
1,0,0.4442925516103099,73.68035506482458,4,corporate.com
0,0,0.2771771759470914,27.959559531222943,0,yahoo.com
1,0,0.49967800075632746,62.79242933372601,7,unknown.io
0,0,0.4972148899575803,15.519990525410554,1,gmail.com
0,0,0.41521433973958705,20.164570636002296,0,gmail.com
0,0,0.3575590213049163,25.028925574133268,1,unknown.io
1,1,0.6653044712583099,60.42703410657616,11,gmail.com
1,0,0.38178608273453335,74.68553738201275,5,yahoo.com
0,0,0.4590467984232213,17.317701482269392,0,gmail.com
1,1,0.6855978533530195,41.60159130147052,11,gmail.com
0,1,0.5907048909643413,17.981663469747364,2,unknown.io
1,0,0.38786038023076497,59.08971850197119,8,yahoo.com
1,0,0.35755088892980813,46.37021577126812,6,corporate.com
1,1,0.5140203396280414,91.44241914076426,11,gmail.com
1,0,0.3624232816391561,52.819554284880816,8,unknown.io
0,0,0.11172509547790065,21.481315216375187,4,yahoo.com
1,0,0.4310428753611645,58.59568021394083,12,yahoo.com
0,1,0.5870370034167787,21.399185481600902,0,gmail.com
0,0,0.31704452079947404,25.353485108324197,1,corporate.com
0,0,0.3699907283904047,23.09765731941333,0,corporate.com
0,0,0.4309743650022833,25.83825077693328,1,unknown.io
0,0,0.29903310697755253,29.391027827183226,1,unknown.io
0,0,0.2034829404368187,29.196239226952976,1,unknown.io
0,1,0.611980994213075,31.441052355330417,1,unknown.io
0,0,0.34943346153849975,29.1907344844858,2,gmail.com
1,1,0.502001746963208,72.37326056593176,14,unknown.io
0,0,0.3082920946626922,22.832841811799277,0,gmail.com
1,1,0.5556988496774341,,4,unknown.io
0,0,0.28684031344079686,20.61111346782095,0,yahoo.com
0,0,0.32526883418169056,25.02264645525779,2,unknown.io
0,0,0.18458024575675236,28.486937393559675,1,unknown.io
0,0,0.38281454720480645,21.371661985584897,1,corporate.com
1,0,0.4875638379138991,53.53584299272159,6,corporate.com
0,0,0.3823351511919986,,0,unknown.io
0,1,0.5967928998402731,26.046771650938073,1,gmail.com
0,0,0.24511589382925386,,0,unknown.io
1,0,0.4005111214334421,66.77493709926291,11,corporate.com
0,0,0.2580452447145365,21.600166525339873,0,gmail.com
0,1,0.5310090854231265,27.516643869227835,1,unknown.io
1,0,0.3700214398058176,54.60035739628648,7,gmail.com
0,1,0.6952634753167204,22.85789134999982,1,gmail.com
1,0,0.3658550009227122,80.946985506836,3,unknown.io
0,0,0.36327088373202654,,0,unknown.io
0,1,0.5912069491084023,30.632589468428517,4,unknown.io
0,0,0.3810565007809628,20.130669231533716,0,unknown.io
0,1,0.5286006259692106,24.065142435913593,2,gmail.com
0,0,0.1783334170610452,17.976173891664995,1,corporate.com
1,1,0.5683702498211607,41.73492933590274,8,yahoo.com
1,0,0.36212223326686477,70.42903840633122,4,unknown.io
0,0,0.3174850451462584,28.73158261279563,2,gmail.com
0,0,0.3127566146311262,,1,gmail.com
0,1,0.5283987357665204,,1,unknown.io
0,0,0.3161439491450453,25.14436240087234,2,unknown.io
1,0,0.17546998118131643,41.93869574743205,3,unknown.io
1,1,0.6566493245495597,44.07790540614559,7,gmail.com
0,1,0.6683296279607086,32.650860276102605,1,unknown.io
0,0,0.2736558003651321,32.17838551899898,0,corporate.com
0,0,0.38131515426211987,,0,unknown.io
0,0,0.3604802472173899,22.421829829598366,1,gmail.com
0,0,0.4322008425729226,31.843117113492553,1,gmail.com
0,0,0.4059303096620097,21.52748419307595,1,corporate.com
1,0,0.42122359512211455,90.2714509925323,10,gmail.com
1,1,0.8742313838848884,42.1859832393398,7,unknown.io
1,1,0.6145490786698193,77.86852792771113,5,unknown.io
1,0,0.3864419075736755,76.06286396868722,6,unknown.io
1,1,0.7897712442700495,72.81476008760674,8,corporate.com
1,0,0.2522055290257625,79.37621776098948,7,unknown.io
1,0,0.2286446817151318,64.20862448937929,8,gmail.com
1,0,0.4405875462957138,51.25605756601099,7,gmail.com
1,1,0.6612367272196076,76.41859936830852,10,corporate.com
0,0,0.29119668536316906,17.883316025593068,1,gmail.com
0,0,0.39890341398182455,25.65371929509125,0,gmail.com
1,1,0.6022880010981181,60.66753123478855,10,yahoo.com
0,0,0.17709156141316768,29.9261008640455,1,unknown.io
1,1,0.6554886523285725,62.87043381167417,13,unknown.io
0,1,0.5635685282007223,31.581236485806368,0,corporate.com
0,1,0.6953089252727723,33.476817470899675,1,gmail.com
1,1,0.598930711158488,53.55485809388107,4,gmail.com
1,1,0.5020803255757228,64.73059344191086,9,yahoo.com
0,1,0.6282021716912495,23.359453558198794,0,gmail.com
1,1,0.5148671038660877,74.77425154508776,11,gmail.com
1,0,0.27017944636843083,48.25036864912405,9,unknown.io
0,0,0.35386466383232784,25.10990776321801,0,unknown.io
0,1,0.6600124233719296,26.405825714473085,2,gmail.com
0,0,0.3399769173695515,24.546266213304385,0,unknown.io
0,0,0.3122266560745859,,0,unknown.io
0,0,0.33264358291631474,,1,corporate.com
0,0,0.4739169358719943,23.309066415087656,2,gmail.com
0,0,0.4716579548655426,22.11987414761666,1,unknown.io
1,0,0.3988416854793652,71.24332556167693,4,unknown.io
0,0,0.48101666657423003,32.31950393087161,4,gmail.com
1,0,0.41137371195822964,34.18429311555506,5,unknown.io
0,0,0.10550203937130358,31.626544986338693,2,corporate.com
1,0,0.3685216837721901,53.54377936969073,10,unknown.io
1,0,0.4987513398939081,80.52283535622867,8,corporate.com
0,0,0.426467632365627,17.47214329490158,1,corporate.com
1,0,0.4050668635725639,84.35792118483212,10,unknown.io
1,1,0.5890746568094393,84.80452824044787,6,unknown.io
1,1,0.5838671558273109,51.97873793113628,6,gmail.com
1,1,0.8093582116603719,57.17269710361756,7,gmail.com
0,1,0.5155425390093085,27.463596732835125,0,yahoo.com
0,0,0.27596036577927524,26.622521611854065,0,corporate.com
0,0,0.22171942763109412,19.16301509966194,1,gmail.com
0,0,0.4312766267442087,21.270607467819055,0,unknown.io
0,0,0.42994076217485605,,3,gmail.com
1,1,0.5376706334697179,59.48742177698509,11,unknown.io
0,0,0.3150293768208701,25.853994519669012,0,unknown.io
1,1,0.7411047305560914,52.35982355503937,8,gmail.com
0,0,0.289756612865024,27.531817355310313,1,unknown.io
0,1,0.5048071468352306,20.719461736717847,1,unknown.io
0,0,0.38594488540379407,25.450417387700536,0,gmail.com
0,1,0.653391140416845,25.843612886729385,3,unknown.io
1,1,0.5753709663906155,54.5639634946788,9,unknown.io
1,0,0.4672509874054,56.52183037408151,7,unknown.io
0,0,0.44220264417553934,26.723046602970552,3,gmail.com
1,0,0.44195463035672927,72.69067513334112,4,unknown.io
1,1,0.7493647607109409,33.87762515078856,5,corporate.com
0,0,0.2630225018291679,21.80391929606639,2,unknown.io
1,1,0.5185699861455256,38.944524228821365,12,unknown.io
1,0,0.2156444202264982,74.43910911114978,8,unknown.io
0,0,0.22967251373599767,25.931262299506333,1,gmail.com
1,1,0.5812734835827067,41.5219696780038,8,gmail.com
0,1,0.5277881551587132,26.424429498576586,0,gmail.com
0,0,0.12287171973306715,25.293019697628594,2,unknown.io
0,1,0.515137504676571,30.644532979386113,1,gmail.com
1,0,0.42289372572930095,70.809158230184,9,yahoo.com
1,0,0.47694738708390355,,7,yahoo.com
0,0,0.47109793315774234,20.91696906430208,1,unknown.io
0,0,0.2526341657090877,24.472035203556608,2,corporate.com
0,0,0.4108837320745015,25.49218811962292,0,unknown.io
1,0,0.4234627533759265,32.06680010326728,11,unknown.io
0,1,0.553734039916944,27.17103588930943,0,unknown.io
1,1,0.5310273066616158,46.14899291212379,5,gmail.com
1,1,0.5382749832937856,57.51057402790613,4,gmail.com
1,1,0.6460002376310721,54.438735242885286,7,gmail.com
0,0,0.2813619915280915,20.73833160773445,2,corporate.com
0,1,0.6091567484363943,24.26311887401091,3,unknown.io
0,0,0.17432390565685957,,2,gmail.com
0,0,0.16622842344527905,27.573201199905796,1,gmail.com
1,0,0.45982442627212716,66.86507416790378,6,unknown.io
0,0,0.2319434067946421,35.25198325555755,1,gmail.com
